id,email,password
1,automatizacion@appbajopruebas.com,tJnAQA#T632v#cD
2,sheaney1@cbslocal.com,tJnAQA#T632v#cD
3,automatizacion@appbajopruebas,GRzIDuQZyoN
4,bbroadhurst3@homestead.com,DuQZyoN
5,mbaxster4@guardian.co.uk,X5fd7cZT
6,gstyle5@google.com,X2JKWJEKyR2A
7,fbaudichon6@cnet.com,QhwzJQz3Eb
8,lbedberry7@ovh.net,WOf8qQGZ
9,smctaggart8@csmonitor.com,MreZ9yumbhM
10,rbruff9@nih.gov,Y3H3VYCBzt
11,abeekmana@netlog.com,ZRDurJr1AlUf
12,nmarriotb@surveymonkey.com,XMLdDpq
13,cstudartc@google.es,bPzS1IBT70
14,pcashmand@live.com,hvV5oTP3D
15,arangere@virginia.edu,EG42SeoCSMk
16,smclayf@reddit.com,YpFlcgQ
17,pjunesg@nba.com,Q4mK1O
18,krousbyh@hhs.gov,y0lFifSn
19,aruosi@acquirethisname.com,w2Jrb6L
20,dmatteuccij@people.com.cn,TEgTG84ikcO
21,staberk@eventbrite.com,fXXA1FC
22,hikinl@hud.gov,pRZMx0dwAp7t
23,mlerem@istockphoto.com,yW0cbqRcwM
24,zbathowen@issuu.com,TgHVhV
25,ahighwoodo@ihg.com,AfvGQeW
26,jkingmanp@hhs.gov,68GCKFtmH5
27,lgarthshoreq@joomla.org,izZA0Nf
28,jeliassonr@jigsy.com,kMUmv5BD8r
29,nlindenfelds@flickr.com,SbDWKNJZ
30,hgeckst@businesswire.com,TAwFVgk
31,bwartonbyu@nps.gov,mDjujlu
32,cmaceveleyv@statcounter.com,1OvPhiN0
33,llyverw@yolasite.com,ArSlucOWZhkC
34,drouselx@yahoo.com,l2XFR75EgzkU
35,ggrummitty@cdbaby.com,8TNWBIeq
36,mhaddowz@twitter.com,IVQnkqJHl
37,gmacieiczyk10@freewebs.com,Tenvyd0Sc2
38,dorwin11@twitpic.com,56FBMT
39,leccersley12@google.co.jp,aRX8C6hT
40,nlorrimer13@cyberchimps.com,aSpVSBP6OrB
41,zflancinbaum14@blogger.com,rZk8ONokG
42,krodolphe15@craigslist.org,CITGlV7
43,urosi16@so-net.ne.jp,FWsMgP
44,klund17@sbwire.com,bjFUYe4qNiC
45,sphipson18@gnu.org,WSQYPaeX6mr
46,dhuband19@psu.edu,FT3MdDRh6AZL
47,bpoyner1a@harvard.edu,wsgwpWF7F8as
48,fgruby1b@state.tx.us,mmS3EKRs1h
49,gmacgraith1c@census.gov,ZGXl6xKng4L
50,plehrmann1d@europa.eu,SgdY2uowIsC4
51,ckleeman1e@goo.gl,yqc3nfw5rz6
52,hsauter1f@discuz.net,tKatfjl2K1RV
53,csifleet1g@opensource.org,reUgsyJA
54,smebes1h@1688.com,8qDVbfnn
55,ereasun1i@slashdot.org,TF8KpwaxJL
56,nhardesty1j@flavors.me,igZy4X
57,lbalfe1k@slideshare.net,xM3bz4
58,siston1l@deviantart.com,NVuQ61lwl
59,ldendle1m@imdb.com,OMDHoi
60,thaselgrove1n@paypal.com,5hSDb4z1BR
61,glardier1o@discovery.com,eTkDhd
62,doshaughnessy1p@redcross.org,VokM38Qg14e
63,jcharlon1q@home.pl,wpcwS7
64,slummis1r@slate.com,7FoAfNItHbfs
65,bshephard1s@amazon.de,71gtas
66,dvandecappelle1t@state.gov,CV0gaGg
67,pmacanulty1u@narod.ru,6lH3J8P
68,ivanhesteren1v@uiuc.edu,57qGfuP3RU
69,cbrosh1w@joomla.org,8X7JYRDtQJJ
70,wciccotto1x@google.fr,flCyZn9FMuD7
71,bbrazur1y@toplist.cz,N4o57nvNJ2
72,eduprey1z@berkeley.edu,b8ixIZhf0SR
73,coxburgh20@fc2.com,23jjFcONNaWn
74,jnowaczyk21@studiopress.com,LJlVOKP
75,dslocket22@ovh.net,cgYmS2nh1Tm
76,lbrislane23@desdev.cn,QKlEnESLFzw
77,ddenisco24@chronoengine.com,FQmX7w5Ay
78,cbaise25@netlog.com,6jqx3LyUrK1
79,tmacadam26@skyrock.com,zUhrlCJdY0c
80,bdeane27@ibm.com,Kvyc2TIh
81,oworld28@mlb.com,kiTpcnl76H7
82,kollett29@cargocollective.com,gOj5RKYOv5
83,dmundell2a@house.gov,b7fJr3a
84,afinlan2b@illinois.edu,5jUTjClnL1Z
85,pbilovsky2c@msn.com,OQXaIOvsIKc
86,ajencey2d@microsoft.com,unsGWb6CrK7o
87,elayborn2e@newsvine.com,ilH5zC3qP
88,lshwenn2f@issuu.com,6V9Mpt
89,mrudland2g@whitehouse.gov,sVI9EfLDORVl
90,gasaaf2h@w3.org,RwwK2B73K5p
91,rrosewarne2i@mozilla.org,bqZMMVq5
92,ltassell2j@ow.ly,304nrk
93,nbolino2k@cisco.com,L8OxcQ
94,gfranzelini2l@imgur.com,CNUcsrBH6
95,cmartinec2m@tmall.com,C2Z38huO
96,skarpol2n@cornell.edu,k7ZQmMQ5
97,bcozzi2o@google.co.jp,dZLdeZQRo
98,wyare2p@histats.com,UQGk84ZWFEH
99,gbugge2q@infoseek.co.jp,O1jN45
100,rcastagneto2r@nature.com,HvpLMOCucgQ
101,cannott2s@howstuffworks.com,Uo3R73w
102,twadeson2t@utexas.edu,b89rzM8ZJd
103,mhowman2u@ycombinator.com,7uMtukdZ
104,seickhoff2v@cloudflare.com,VJweoiW
105,gscafe2w@networksolutions.com,BIPi40aqX98
106,gstrugnell2x@geocities.com,ix1HzW1
107,lpipworth2y@unblog.fr,VLbj9SOvQa
108,abaldack2z@deliciousdays.com,CLv1YDCMpE
109,sjakubowski30@issuu.com,pGacPn8Ql
110,ahackworthy31@ow.ly,4vuwcNmENw5
111,lgadsby32@soup.io,zhWcEF
112,fgildersleaves33@timesonline.co.uk,CtfZCIf718
113,lparsley34@pen.io,ckrEm8
114,vsposito35@ustream.tv,msTKXSMK8MGH
115,cprew36@howstuffworks.com,cNm2B9p
116,ebasten37@exblog.jp,OebtX1YM
117,scaddock38@ed.gov,ocO0sU
118,eemtage39@dropbox.com,6q9IPp8m
119,pwarcop3a@dropbox.com,VIVIzHYEc
120,smcgilben3b@umn.edu,n7xdnC56
121,rbarnsdale3c@fotki.com,YdFjJK8jtB
122,clynch3d@geocities.com,MnlWLbJ0imw
123,hjurs3e@bbc.co.uk,xiyhAzu
124,mmilesop3f@sfgate.com,kfx29s
125,bbodman3g@addtoany.com,NHRv2O6H2vw3
126,jmicheu3h@mediafire.com,gaKaHCNup
127,ltrenoweth3i@newsvine.com,DuWu4d1i
128,smaccaddie3j@hp.com,daGHgV9A
129,mdrinkhill3k@netvibes.com,kvgs2zqoju
130,rkittless3l@jugem.jp,yTWnGmBL4fM
131,adumbreck3m@yandex.ru,HUWTYbcTdK3
132,dshawcroft3n@taobao.com,20ddqlS
133,cwinterbourne3o@shop-pro.jp,bHbP2J4zr
134,abradberry3p@free.fr,ZVEHQkX
135,voldred3q@vkontakte.ru,HDfyxb
136,cpierrepoint3r@ibm.com,pwYXKghbmq
137,gadran3s@taobao.com,E0fQSCsSCyy6
138,emcduall3t@go.com,Y0oDjj8EcXHF
139,bwardroper3u@twitpic.com,0dkeJJ3p1Kch
140,vgilbank3v@taobao.com,12ZzdCO
141,hliddiatt3w@unicef.org,j6cSOg
142,abaal3x@si.edu,rx3K6cp
143,hshrimptone3y@github.com,nAff59Z39
144,wdewes3z@nbcnews.com,TgMtoC
145,akornacki40@netscape.com,E5TQ7BDi
146,kmackison41@marriott.com,pvnl3F
147,rgerardet42@google.com.br,kRvM2lfH2XN
148,ewimpress43@reddit.com,YA0Po7dGY
149,rdumper44@clickbank.net,riK1TvyEyk
150,lcoupar45@aboutads.info,odvuGF
151,kmcwhinnie46@purevolume.com,F3VJv2AcF
152,cchattington47@newyorker.com,uuXrZc0ETwI
153,dgiacobelli48@hc360.com,9Lh0roPO
154,wcharlson49@forbes.com,YdujiXycI
155,rgann4a@soundcloud.com,Ri5p0fqIjJT
156,ckacheller4b@imageshack.us,4ddf2Y7rzvA
157,tpacher4c@youku.com,LDdjO5I
158,rthomann4d@g.co,XPrZoJ
159,aroskam4e@va.gov,2u20el
160,mmaitland4f@shutterfly.com,1JyUOOnZB4Vy
161,pmattea4g@soundcloud.com,ybgg1O
162,bmcenhill4h@mysql.com,rSrUSt6QP
163,gbalden4i@elpais.com,wxuqou7EBE2
164,ekliche4j@deviantart.com,UDNFoO
165,amanvelle4k@umich.edu,ZAe45ezEkUw
166,dinchboard4l@yellowbook.com,XG2d32
167,hlewinton4m@unblog.fr,iG6HQCHI
168,dgosalvez4n@goo.gl,pYGkyhFsBH4r
169,ccoombes4o@ca.gov,6jczuo
170,tgrishunin4p@disqus.com,6q5Feg
171,tblowin4q@gov.uk,orrank3QjN6
172,adurtnal4r@mlb.com,mBNXPPjqber
173,lwestgarth4s@dagondesign.com,HHIqk08mB
174,lherculson4t@last.fm,MaFEDv
175,cskeath4u@businessweek.com,R4KdzRGcEeRv
176,rtoman4v@odnoklassniki.ru,hB9S3oQhC
177,rbooth4w@vimeo.com,LGmRU69
178,gparr4x@nifty.com,44HblFf
179,jansell4y@ucoz.com,T9QGSU
180,dnoades4z@bizjournals.com,Vb99nu
181,dballach50@cocolog-nifty.com,p3Gw0a7hog
182,bgilfether51@xrea.com,p2dT82TtDV
183,jorridge52@aol.com,RE7Pqkol5Jlz
184,fsked53@wunderground.com,VXoOpyndHUM8
185,dsaye54@dot.gov,UJPYVcI
186,dgawen55@naver.com,bKw2K8wQrfP
187,mdory56@kickstarter.com,sAvgsSqibL
188,sdeval57@dropbox.com,mvd8J7rq69bR
189,ejodkowski58@1688.com,45nlHgzf
190,amullin59@wufoo.com,P6QYkwd8
191,dbunting5a@seattletimes.com,mdanp53U
192,ffrancom5b@sogou.com,ic22nrFVprT
193,dromney5c@creativecommons.org,gKvd6DQp
194,bimorts5d@intel.com,BY58TLIiro
195,jshardlow5e@123-reg.co.uk,bKWwIPdT
196,rkillock5f@vistaprint.com,m1WaQird
197,llemonnier5g@mozilla.org,cmqC7Fu3r
198,hweir5h@miibeian.gov.cn,HxLQk0
199,hfeavers5i@amazonaws.com,t5xJCZ0qJ9
200,zcourtman5j@topsy.com,dZfFrfjYy
201,nmarkie5k@npr.org,1AWzyWgH1KU
202,jpogg5l@rakuten.co.jp,CsBY9wnioZG
203,nmcpherson5m@tamu.edu,ghG7CCLbM
204,bcastella5n@cdbaby.com,jSDeKVw
205,mbromige5o@jimdo.com,1NyqkGWDGv
206,mdacre5p@ask.com,sTbwi6A
207,bcassimer5q@virginia.edu,gmV2FFcG
208,ashave5r@macromedia.com,vwh15xflck
209,asalmond5s@businesswire.com,N6Mw8cO6Vv
210,mclaypool5t@narod.ru,Ke8AUM5QWq
211,acurcher5u@about.com,PXGccZ7ZaQ
212,mlumb5v@ifeng.com,YiAC2dt
213,hghidotti5w@shareasale.com,KkF1MoCCiU
214,fvolkers5x@icq.com,yqwSqy9FJP9A
215,linstock5y@csmonitor.com,0tES9Zozu
216,jratledge5z@techcrunch.com,dLcm73DU3
217,cclissold60@hhs.gov,F88faEsz
218,jjozaitis61@wikipedia.org,z8CSg53NJJh
219,mfradgley62@miitbeian.gov.cn,x1VTrIXuWmLK
220,mmabon63@paypal.com,ce6hqV
221,cmacvay64@google.ru,cgkBB5
222,hjaime65@oracle.com,RyDVpih
223,hgasperi66@illinois.edu,0MJxEk
224,hdibdall67@dmoz.org,rEsOP4cJFOMP
225,arennick68@bandcamp.com,xJfcLcY
226,agensavage69@reuters.com,zUPac6ooOvJ
227,mburdett6a@mayoclinic.com,9C6QJHYv
228,mposton6b@nationalgeographic.com,o1r1i01Lx
229,mlamers6c@nydailynews.com,wWAjrkuJxmwR
230,nwillacot6d@twitpic.com,MZTnx3SWT2
231,gatty6e@unicef.org,bDOwlle
232,cwillis6f@google.nl,FqxB0O
233,pjanas6g@youku.com,5Lhzebab9
234,ahuttley6h@sitemeter.com,p6hYAI
235,sheath6i@wikia.com,dOxb0oCAd
236,arountree6j@huffingtonpost.com,MSK9pJh
237,qniset6k@who.int,ExCyo7Tjwt
238,hunstead6l@issuu.com,y3FTr5t
239,tbernon6m@elegantthemes.com,z1dCkyT
240,lwhelan6n@slideshare.net,XuA0shGvQQf
241,imix6o@nyu.edu,as53Nbxga60
242,rdun6p@pen.io,Yy4f47
243,egrabbam6q@about.me,aBYXQx7j2bnq
244,jwinders6r@vistaprint.com,qBoMGjHy
245,dolerenshaw6s@cisco.com,sWmozsvN6K
246,laffleck6t@toplist.cz,cDUJ7E
247,bsimco6u@engadget.com,YylWs8YvRSe2
248,lchaffen6v@reference.com,AGNq9VHy
249,rwootton6w@discuz.net,qzAeYw45
250,kbakeup6x@simplemachines.org,j7q6C8Sf
251,bdevaar6y@tinyurl.com,S2LgAX
252,bonions6z@plala.or.jp,BFV7VFjS
253,ecorbet70@salon.com,WjJWEB
254,hshurey71@yellowbook.com,UATe1tp0p
255,astribbling72@furl.net,pTJgil
256,amacchaell73@irs.gov,gndMqZu
257,tfleckness74@house.gov,J9ixOknba4
258,mlawtey75@hatena.ne.jp,ikfz1cYy0m
259,tdmiterko76@google.com.br,DtHVQG9v
260,kwedmore77@typepad.com,BKp8SECF
261,tmcchesney78@creativecommons.org,H1uQusHu7q
262,agrealy79@parallels.com,DK23KRqgXpb
263,gbessett7a@sphinn.com,PL6TdDuhA
264,nbes7b@cnbc.com,HOz6qb1f
265,gwolfers7c@census.gov,FbFOXHFkbECE
266,oolver7d@ftc.gov,w6PNmk11
267,bglencros7e@artisteer.com,290ExGxc
268,pbarwell7f@weibo.com,ifGDyl
269,fleat7g@cbsnews.com,XWTC1sORr0u
270,ttankin7h@ocn.ne.jp,QwVD4g9lt3nu
271,kheadings7i@bizjournals.com,hlE6LV
272,tdreini7j@360.cn,EZDKjDJUDC
273,lkun7k@alibaba.com,n4hZu74LHo
274,epumfrett7l@craigslist.org,NbMQ7I
275,lvines7m@google.it,jtBDEuFfprI
276,kmacrannell7n@nasa.gov,hsxMok
277,lpalffrey7o@epa.gov,NebEtsDEov
278,dbachelor7p@themeforest.net,gRqLpI
279,kmurdy7q@fastcompany.com,UaptP16jV
280,clyfield7r@vkontakte.ru,UKU3ebxHplk
281,bduxbarry7s@infoseek.co.jp,X2KTae
282,cklein7t@reuters.com,1QhtYeWL
283,ndollar7u@php.net,Zu65CJq
284,zgaskell7v@homestead.com,HGFYbtWSpuQs
285,cstoddart7w@hao123.com,1JKiCjLM
286,odalbey7x@army.mil,1BbbMRHnOe8W
287,mtruett7y@usda.gov,m1FwT4Jo
288,mgalilee7z@linkedin.com,gzJP13dsG
289,mmathieu80@infoseek.co.jp,qM4YGH
290,yprichard81@netvibes.com,QxiXfxtN4hO
291,melloy82@shutterfly.com,wd5wmhaHC
292,mpes83@fema.gov,dUeCWMKLj
293,mdickson84@ed.gov,UNKcVo
294,ameach85@meetup.com,alm5bTU
295,mpetrulis86@spotify.com,WtzSl3MCmO
296,kfridaye87@blogspot.com,JvBgf84P
297,esandbatch88@angelfire.com,0or4xC
298,sgeorgeau89@1und1.de,y0hzKJ5h5u4E
299,meneas8a@ocn.ne.jp,R6Np6h
300,zdurram8b@rambler.ru,VSEsuzR9dS
301,tmcleish8c@sitemeter.com,jbJNeqn4iasy
302,wdurbyn8d@devhub.com,toBT9UTdQKH3
303,hmewitt8e@vinaora.com,E5hjcrj
304,ghanbidge8f@ifeng.com,ruyPJQsz
305,lpetschelt8g@guardian.co.uk,lhg8IlIL
306,jbessom8h@skype.com,1gIAsXGNTb
307,byelyashev8i@oakley.com,TrXSv8r0aQ
308,ssyder8j@artisteer.com,zn5FUQk5
309,jpechard8k@bravesites.com,luOcFwkrO
310,rchadwick8l@elegantthemes.com,Y4L8VuChG
311,tbumfrey8m@tinyurl.com,4hrRJFl
312,cswiffan8n@wordpress.org,UG4PfyunR
313,nlavery8o@google.nl,cUs8hv
314,iheight8p@cnn.com,qtwCjX
315,cdenness8q@salon.com,WI3x1O6
316,mkenzie8r@springer.com,ft5VefLcCEh
317,ejirousek8s@nba.com,vVCWbtH1kWv7
318,kcianni8t@dropbox.com,duUlFH3ky85
319,njamblin8u@phpbb.com,QtE4jVBuMFP
320,aeggerton8v@aboutads.info,LnY1Eqm
321,tdoick8w@vinaora.com,tHZsFePycy
322,rzottoli8x@google.com,1RJ1arhf7U
323,sgeroldo8y@t-online.de,klX9fAn1L
324,iashenhurst8z@netscape.com,dGJEqXM2uVM
325,gkopfer90@google.cn,zRDA9lbK
326,jmacalaster91@sciencedirect.com,GrSGpLd0
327,sdevennie92@bravesites.com,PcTiDBuDzGqz
328,ltruckell93@lulu.com,hwx6lgGb4a
329,dbirdsey94@craigslist.org,YKRV0jeUr9
330,mboothby95@globo.com,gzqzNGtFcYy
331,bkettow96@linkedin.com,WL9VYNu8C0MA
332,kpoge97@whitehouse.gov,q7SeU27H
333,hheinz98@arstechnica.com,538vSaVEg
334,cchurchlow99@thetimes.co.uk,u8wGzRrkir
335,alohmeyer9a@netlog.com,sTSgBjQ
336,vmorales9b@ucsd.edu,7MsoyB7Da
337,omenghi9c@yale.edu,QE7J1KT6k
338,gelsmor9d@opensource.org,YOYHiLASbPS
339,lrees9e@moonfruit.com,yhZETL
340,ohayen9f@sourceforge.net,aESY8J
341,mhissie9g@skyrock.com,yBa5sjPko
342,ggossart9h@illinois.edu,t9K4sXMTJz
343,swickwar9i@studiopress.com,FsS0hbXelcE2
344,aogilvie9j@cyberchimps.com,Onngk6nziY
345,kclace9k@linkedin.com,8f7rF3d
346,jparmby9l@quantcast.com,lAILZ75EC
347,afoad9m@guardian.co.uk,VIckKCXQXZl
348,ssmalley9n@edublogs.org,j6XLCxA2Nfs0
349,clansbury9o@spotify.com,dEuaiQ
350,dspurret9p@reuters.com,sr3ton6Gth2A
351,gdayborne9q@list-manage.com,JrAqYZ
352,fbeverage9r@slideshare.net,L96wNH2xeF
353,mohannigan9s@vinaora.com,V63HZp
354,bbaiss9t@hibu.com,eSLXo8e
355,avedikhov9u@instagram.com,QwxWDP
356,fgiovanitti9v@1und1.de,pCh4vg76v
357,ljotham9w@uol.com.br,RC32niM
358,dbawcock9x@jalbum.net,MS9RdRTRVpc
359,mcapron9y@linkedin.com,Gr5tFBiG
360,rgraver9z@umich.edu,kJg2K6Rf
361,khumpherya0@networkadvertising.org,Gg1LTTJbzP
362,wstummeyera1@zdnet.com,QK9u1EIQs1P4
363,madamolia2@yolasite.com,av3JbjW5yNz0
364,frenharda3@aol.com,I28pAXO8la
365,clivetta4@squidoo.com,2ibX8h
366,kdattea5@blinklist.com,DmdJsDRLu
367,bfennellya6@bizjournals.com,ri4bubgaBXM
368,solpherta7@myspace.com,QPsGLXYcR
369,mimorta8@springer.com,MsMhMVMTHmF
370,gpatshulla9@fda.gov,qU4Bnlu1fQn
371,breeveaa@xing.com,aJtJpKI2rzX
372,ebahikeab@sina.com.cn,wfwbBOBm63X
373,atillyerac@cdbaby.com,vC5ALU0TPZ
374,jcoopead@github.com,BbuYQKftyp4
375,cpleaceae@yahoo.com,k04jBCMUOyR
376,cvondrysaf@arstechnica.com,XeoAIM2DQjH0
377,lmushetag@odnoklassniki.ru,q6XJ5TXj7D
378,mdarlestonah@i2i.jp,RWWG5G
379,moakeshottai@illinois.edu,5gFzNo2vK0x
380,tgreghaj@sciencedaily.com,USYriNoU
381,kmacraeak@flavors.me,1UsPp8JOltnp
382,aboldingal@army.mil,yxSUrgq2u
383,hhurdisam@salon.com,8TIB8I5
384,coddeyan@chronoengine.com,oNzTs7mBnsod
385,fgirardeauao@washingtonpost.com,eIgA1Y0d0
386,cparcellap@posterous.com,Ot3pM2
387,hjenksaq@blog.com,trHn11Q8
388,ylakesar@timesonline.co.uk,7QxHmOqt
389,mphilipartas@skyrock.com,dboMWdDDn
390,fbarnettat@gizmodo.com,YvCjwFO
391,clacroixau@yelp.com,JeKSA6ASDzSp
392,ecunningtonav@parallels.com,Bbji7WAP
393,zwhellansaw@lycos.com,MdDMF8XOgty8
394,csnozzwellax@loc.gov,QO3hn2FYJ
395,ecurraoay@marriott.com,9s6VKpb8mqG
396,ghalvorsenaz@sakura.ne.jp,tkwgsWX5
397,mdosdillb0@netscape.com,Hx4RMNDjl7
398,cspurwayb1@indiatimes.com,VfOlKR
399,dpreshawb2@mysql.com,M8wJ5U7n
400,bbirneyb3@noaa.gov,qflnG3
401,smcpartlingb4@google.com.au,HvUgQaZRv
402,ijutsonb5@cocolog-nifty.com,zxDKhbbGTcse
403,rdownsb6@wix.com,YG0zcmp3a
404,dmengueb7@nifty.com,hL1h78UQRl
405,gkinchleab8@upenn.edu,8VO6x6
406,bmcreidyb9@jugem.jp,3ANoLIbEP
407,glegliseba@furl.net,NYmV7XUhs
408,hlebatteurbb@google.com.au,AV2dT1
409,mdavisbc@elegantthemes.com,A78U54ZU
410,lsmewingbd@histats.com,jAK4LJk9NX
411,acabanebe@comcast.net,oZrD17Ld
412,strevainsbf@posterous.com,I7Cm6wO2j
413,iquadriobg@prweb.com,uZXs5hfBR
414,bvigiettibh@yolasite.com,C3TKL9E
415,bpickinbi@blinklist.com,9BWj8yXO
416,rwainebj@nationalgeographic.com,BTVEWBC
417,lortigabk@amazon.de,6u0GoYv3
418,fgroobybl@delicious.com,d6r4m1kCHH
419,ubompasbm@hc360.com,nxbWDLefFVh5
420,vhawsonbn@europa.eu,1K1wPH
421,goreganbo@theatlantic.com,E4Hajx
422,bbourgourbp@list-manage.com,PluA1akEV7H7
423,gdunnebq@dion.ne.jp,Shp7ACORhH
424,hhulmesbr@flickr.com,Zn9GCEfU7Pmq
425,ghudsonbs@barnesandnoble.com,WZS2tBw
426,wputtrellbt@studiopress.com,eOg0773uSBM6
427,pabbiebu@istockphoto.com,60ok5WRSg02n
428,kturkbv@elegantthemes.com,wQHwjsdtFu2h
429,thamblenbw@cbsnews.com,C7scadq
430,abedellbx@bluehost.com,iDz8Ioh
431,dmckevittby@mozilla.com,pFf7UoUQUQtb
432,swortmanbz@webeden.co.uk,pE0eQk3N
433,ccrosenc0@google.es,Ni5v4QSwQDR
434,mblumc1@chicagotribune.com,HTbqVtSFbYRI
435,cfoxc2@wikimedia.org,PO3m5EQG
436,ztailbyc3@lycos.com,dAMN2XVN9
437,btippettc4@epa.gov,n5RRIYkx
438,kisenorc5@ifeng.com,CvkMwpL7V1T
439,kjeaninc6@wikia.com,A4cnQc
440,speacopc7@skyrock.com,Ul9yKAahi5
441,wbellc8@odnoklassniki.ru,YbZrKQ5pnT
442,syouellc9@noaa.gov,GUN0TFf5ODc
443,kblucherca@prnewswire.com,i6UTsNQzij
444,tkelletcb@seattletimes.com,7ATLPpgqf3E
445,cberneycc@edublogs.org,SAbJ8WKtZVm
446,akestercd@pen.io,8NM42DpY8fWX
447,nlendremce@nature.com,THz5WmKTnLUI
448,wgibbycf@tiny.cc,eIVxaksOW
449,hhoffmanncg@narod.ru,RfMIHT6hId4M
450,gfrantsevch@vinaora.com,ApI2dVF909ur
451,rofeeneyci@ocn.ne.jp,1HwuXMOp6d
452,jwilliamscj@senate.gov,ONwAkrbC
453,arodenck@nbcnews.com,IsMOWjYBHW
454,mforsoncl@reuters.com,lYPddQdtujY
455,ibluschkecm@oaic.gov.au,5rVNEFnB
456,sdimmickcn@vistaprint.com,TRuaRuUeJAhG
457,ddearlepalserco@fotki.com,x66gooQwh
458,zmulcastercp@edublogs.org,Zldy5sI56EK
459,bwilflingcq@usatoday.com,tYPpt5a
460,drappoportcr@histats.com,kxUXkp
461,vveitchcs@miitbeian.gov.cn,6oFaHQgQ3A
462,bemanuelovct@360.cn,Pk0gJhxQXaR
463,pcoshcu@slideshare.net,WQhvxpspY
464,lvongladbachcv@google.com.hk,y2arZSh
465,gboggescw@unesco.org,8SmBu2
466,arodgecx@wikimedia.org,7XOpETBrrH
467,bwalcarcy@nationalgeographic.com,v7p5tAiZYOy
468,rfearfullcz@auda.org.au,yYVd9IgwJS0
469,stilfordd0@xinhuanet.com,BY0jid
470,amcbeathd1@seattletimes.com,sBawNhychaqY
471,damnerd2@tmall.com,8BpcYBD5
472,handrejsd3@quantcast.com,P6gam2si4
473,lpaueld4@xinhuanet.com,Q6KV618iXs
474,ydavidsd5@skype.com,GOsni693STdE
475,hhanmored6@webnode.com,kPxCtC
476,aruppd7@phoca.cz,sjrIxYIobMS
477,rsimcockd8@un.org,Tvw2HTH0iEqJ
478,amucklestond9@blog.com,PDlN6DKKO
479,hdurbanda@paypal.com,xiBpEwHwV
480,sbottomdb@163.com,ik23ff2gSLI
481,hbernocchidc@telegraph.co.uk,bsWo2T
482,wmccluneydd@guardian.co.uk,J5RwVT2baxh0
483,pderislyde@ed.gov,GkQPSxUDU3j
484,kbrawsondf@so-net.ne.jp,WwTM6uXj
485,dhonywilldg@army.mil,Moaqx05buKlL
486,lkellochdh@vimeo.com,g5mWuMPHFtu8
487,tcolgravedi@booking.com,MwL28tFHl4vp
488,aclutterhamdj@sakura.ne.jp,IRhQ58PBY
489,sbrasdk@examiner.com,q4fkdjw
490,mstoresdl@comcast.net,wl0kPn
491,grobjohnsdm@smugmug.com,Pc7J6w
492,kaldwichdn@hp.com,mesEOjz2YQ1
493,lsotworthdo@omniture.com,0CTNid6Ht
494,fpoynzerdp@cbc.ca,ZZWjhfEd
495,abarnettdq@barnesandnoble.com,yEY5zC8tIVv
496,mmeehandr@squarespace.com,8kvSay5
497,fnorgands@comcast.net,lr2x1HWg4S
498,jdowningdt@mlb.com,aiH2t7BX3I1I
499,dbuntingdu@imgur.com,clGDw4fQ3oB
500,gbranigandv@ifeng.com,KGTZPHCoW
501,krehmdw@sun.com,lO3juEVx
502,acoursedx@elegantthemes.com,YXgKbrmj
503,nsherreddy@mail.ru,HdIvoi136
504,fdellortodz@woothemes.com,3kQNAAi6
505,aoatleye0@boston.com,tPH1E0mxDV
506,gdugalle1@infoseek.co.jp,uIdhi4Mr
507,sweatheralle2@dot.gov,VTa1fvuTVx8
508,gbuxceye3@hubpages.com,fovu8RwFI
509,canfossie4@cocolog-nifty.com,QTK0TiiVlkS
510,fjouninge5@google.ca,7NhbSri0s3Vk
511,akoche6@google.com,HJEriP3d2
512,pshirtcliffee7@reference.com,FFyP0g
513,fwitarde8@google.pl,gwNSi80tbjZ
514,scaddinge9@shutterfly.com,dg1KLGGMHgE
515,valdineea@elegantthemes.com,ITBHn6J2
516,zmaplethorpeeb@answers.com,HZpTTqg
517,dclowsec@dmoz.org,GzbtQlra
518,lgoucked@feedburner.com,xMvWzYC1jQ3
519,akinmanee@addthis.com,znnykHDlBEzR
520,aspooref@salon.com,Yc2XgT
521,gswalloweg@google.com.au,l5c1gpUR3Z
522,fhamilleh@irs.gov,O8xOcU
523,bgabalaei@hexun.com,iWBeubp
524,eburnelej@cyberchimps.com,Fvu4axorWr
525,lbleasek@twitpic.com,IzKW7TE4
526,acunningtonel@intel.com,zXHtJgACEKh
527,jeversleyem@diigo.com,k5LOcpQ
528,tpummellen@epa.gov,9YMHRwKM
529,rbuckthorpeeo@hud.gov,YUG5aY0AMW1
530,tbartoshevichep@narod.ru,aWTZBOqIi
531,senriquezeq@paypal.com,GMzKcU
532,cmetheringhamer@nymag.com,gF9nl4
533,tjoppes@un.org,aJaO21BtjH
534,mtalboyet@about.com,sMYVQCGYhuV
535,msireteu@miitbeian.gov.cn,AZyobt44IjrJ
536,ptumayanev@wired.com,OB1puoSE070
537,pdeniseauew@ameblo.jp,6a53WmeERAF
538,ostrattonex@rediff.com,mE0ER1bM
539,kcouchaey@columbia.edu,t2YYzriqj
540,tmacgallez@cbslocal.com,w9qgaANQtiTt
541,mthoresbief0@independent.co.uk,BUPolRYXQ
542,msnazlef1@is.gd,vE84J6XgsxI
543,smidlarf2@salon.com,0OWYLkmaC
544,dfowellsf3@icq.com,lSeNbVxgqOiH
545,lcressarf4@shutterfly.com,BDVFPP3
546,cpatryf5@tripadvisor.com,7Fcb1VJmo
547,psandcroftf6@photobucket.com,YndpKB
548,aquinceyf7@walmart.com,lh1N5fhcFH
549,nthibodeauxf8@php.net,XhPjY1D1
550,rchingedehalsf9@addtoany.com,1hyXHz5ekBe
551,dshambrookfa@ucoz.ru,JshkLHVKTt2
552,tblanshardfb@smh.com.au,xwbU0Zg08k
553,bwaudfc@nature.com,vcnKgd0Y
554,hbattsonfd@globo.com,DWSTK0K
555,ebryettfe@umn.edu,NPPPFT0zbCan
556,ibeardwellff@weibo.com,brGlcqfgXJ9
557,schassonfg@census.gov,2I5h2rLwfZ
558,ahadwenfh@google.fr,unRfuK4FEH8
559,galanbrookefi@is.gd,gX9c7SxB
560,lruselinfj@weather.com,pTw6nt
561,tsagerfk@time.com,1CjwuggFDw8
562,bfisbyfl@nydailynews.com,PFWLqwqoyU2e
563,swintlefm@fema.gov,Rt9Tei
564,ubrigdalefn@jalbum.net,JuwzWvRlkRI
565,dwoodardfo@geocities.com,1ya5aU
566,mfowlesfp@tiny.cc,QkvTz3
567,bhorderfq@scientificamerican.com,4onXoUW83
568,cbainefr@bizjournals.com,9sSitVfm
569,ltrokerfs@blogtalkradio.com,WJ7sPz
570,cdobinsonft@baidu.com,2xOi2950eb
571,nhydechambersfu@intel.com,BvFsnKqVi
572,tpankettmanfv@jalbum.net,iboStCIP0ZKY
573,mnoseworthyfw@cyberchimps.com,7lmP7tq
574,mnewlandsfx@wikipedia.org,GmkykOD
575,fhillingfy@lulu.com,Cw5FirjI7z
576,cwohlersfz@mediafire.com,Zkah2gejZt7k
577,wskeggg0@spiegel.de,yJAa8C
578,ftipperg1@cnet.com,lUjmLeX8wdR
579,mvaseg2@princeton.edu,UP2H17pW
580,fcardinalg3@aboutads.info,WGHyOtySB
581,jskedgellg4@thetimes.co.uk,HTyLhFAfM
582,skahang5@naver.com,grhwmZEr
583,kbriarg6@booking.com,rux1hKRm
584,dabrahmovicig7@mapy.cz,9WutAv3
585,whaskinsg8@ed.gov,CxSCaO8Q438
586,bhaggisg9@nasa.gov,TzhLd0Bz26
587,dstokega@hhs.gov,xZVMZ8zyx
588,lcolliegb@w3.org,cNCSKlGzlw8
589,dcresargc@youtu.be,QmrzkeA
590,emaragagd@spotify.com,51Pxwio0sDOL
591,adaguannoge@nhs.uk,1Wg0ZJObGbOk
592,aambrozikgf@discovery.com,IQWBNgYlK
593,mchoudhurygg@furl.net,8V40UE0bNz
594,mritchmangh@constantcontact.com,r3CkwW
595,sshinnergi@upenn.edu,D88Xf1Fy
596,cseagrovegj@elegantthemes.com,rQ2NyyhK
597,gparlattgk@goo.ne.jp,bHuN3HVSyM
598,kleymangl@noaa.gov,pQkBvroM
599,cpedrongm@trellian.com,VCawCdpUPx
600,afairchildgn@cbsnews.com,WWXoT5dN
601,cgeergo@cdbaby.com,gW1b4zz
602,jlapidusgp@bloglovin.com,Fl0WKgQ
603,lgokesgq@about.me,zub8PkUkACnS
604,mthorntondewhirstgr@wsj.com,Moh9Vpq
605,sheindrichgs@go.com,PkSUDb
606,vcrootgt@state.tx.us,022v2GU
607,ralwengu@over-blog.com,ZsPw6soOllsr
608,jpickwellgv@lulu.com,lRE8z9pZYi
609,scarssgw@cdbaby.com,t3krovULS4
610,nrhodefgx@si.edu,JsArGogptNz
611,nisbellgy@hao123.com,GZQQCQ
612,kmargueritegz@japanpost.jp,1opS4reLbf
613,dlewsyh0@arizona.edu,JwKEzqPd
614,mswynh1@youtu.be,1JYgYtkZgt
615,srebeiroh2@quantcast.com,19pscAWwblL
616,lkleinsteinh3@unesco.org,ZOt6HHfM
617,jdmitrh4@ovh.net,GirAUUCR
618,dmerrymanh5@storify.com,A0Sz9A5h9
619,ojurgensonh6@ft.com,RK3o9MEcHk1
620,rmingardih7@ow.ly,S66RUkG0
621,mcamillerih8@economist.com,TK8AseFa
622,athursbyh9@taobao.com,5W7pkAme
623,ecolliverha@homestead.com,iGCwoWR7I
624,gdodgshonhb@webeden.co.uk,X8A2MXRcO0K
625,jtraytonhc@netvibes.com,OSaf9YMysj
626,lantognettihd@loc.gov,t7SePK1qMO
627,njaquinhe@google.it,L2cgRj37
628,dbrewitthf@mysql.com,D9WgwhwLl
629,chogbournehg@xing.com,NprPasC
630,fhasseklhh@squarespace.com,xMsWOIfc
631,lbottehi@discuz.net,SI3UZzd3
632,layersthj@weather.com,TSv4D42NZ2E
633,cclaushk@si.edu,axjqc45xEY03
634,rcastigliohl@google.com.hk,ZPyiUUhNYTW4
635,aridinghm@gnu.org,bMH43QSYi6rY
636,gpendergasthn@comsenz.com,nzGMWRE
637,sedworthyho@unblog.fr,hQTufEtRm
638,gjimmeshp@earthlink.net,54M1bbejvADO
639,gsawlehq@yahoo.com,5ry4rNg
640,lshierhr@acquirethisname.com,VZuUMsuaU
641,jpuseyhs@arizona.edu,ovGVSCyA
642,werieht@hao123.com,bMZgDDPL
643,ljankohu@bandcamp.com,CgYF8IvqAKI
644,wobeirnehv@sciencedirect.com,uWfRamh12AU
645,blammiehw@fastcompany.com,JRvV5waj
646,anapperhx@nytimes.com,4Lp0Z1Q
647,nbrimblehy@mapy.cz,3v6y9a
648,jlakeshz@usa.gov,BNrv0nmEYX
649,mjoscelynei0@telegraph.co.uk,7Bft3AQGs
650,iblackwelli1@cdbaby.com,WoN6cHgGzZ3o
651,pwandi2@accuweather.com,qSL5Vdvczrw
652,agladdini3@yahoo.com,miJWvr4ZV9
653,kbartaki4@nytimes.com,sClX04Vr2WHu
654,elittleoveri5@springer.com,6796a4Wbig
655,sperringi6@networkadvertising.org,737zIA
656,wburrowsi7@google.co.jp,gAkCTlKphW
657,cbradwelli8@liveinternet.ru,Zpp8HLt4
658,emahonyi9@biglobe.ne.jp,Y2vCinqU1waK
659,hcanavania@techcrunch.com,LrcJayp2T2y5
660,sunworthib@cbslocal.com,i16InirRgRYO
661,lbasdenic@arizona.edu,86R7uw8s
662,dhostenid@state.gov,XCHh4woob
663,biacoboniie@ebay.com,XZQ2NgI
664,ldanilewiczif@dyndns.org,dV45NsD92HJ
665,kgebhardtig@tiny.cc,ncdfVTTt2
666,ksantarelliih@mtv.com,mVitAPaL
667,csimmenii@blinklist.com,unPEHB
668,ckempstonij@alibaba.com,20JhOYM
669,mjackettik@desdev.cn,2IS2dg
670,ffoukxil@usa.gov,JJGbLF11q
671,schetterim@boston.com,LHeroXra
672,bdelafieldin@nationalgeographic.com,3rr8st
673,mcarloio@canalblog.com,EnregNgQmgk
674,sgannicottip@google.ca,ZWP9p7IDQD
675,syourelliq@umn.edu,3xdUhR7
676,hongeir@dropbox.com,ZtClGy1JqAO
677,sborzoniis@blog.com,09XJkTfFA4K
678,gambageit@webnode.com,DjMDgpui
679,sgalletlyiu@wp.com,P34FHiY0T
680,ajordiiv@hao123.com,3tHjax5Nl
681,odarringtoniw@mtv.com,UvCpWjOox8
682,blereix@stanford.edu,Me9Kdd7NlC
683,abarleyiy@ameblo.jp,24RBQX9EEAd
684,nroostaniz@walmart.com,P9AX8ulBNV0
685,kcornewj0@creativecommons.org,0KcBvdQ7KpY
686,remorj1@meetup.com,m0X144D
687,npegrumj2@mtv.com,aTIAz7Z5OcQd
688,cwellardj3@webs.com,7On2j6ownZm
689,rbodocsj4@europa.eu,ik2Dwb
690,igravettj5@statcounter.com,jSD8Ui408yR
691,gpratleyj6@xrea.com,eRdF16
692,jcastilloj7@tumblr.com,b8cUZFI
693,rslevinj8@twitpic.com,HP2ZcQ2
694,sperrenj9@yelp.com,f9DqzTz1tOz
695,mdyshartja@hp.com,grPTI8LMsr
696,cclemmensenjb@gmpg.org,RHxMkj4PX
697,rallredjc@java.com,oYRtlyeo
698,lcurrmjd@senate.gov,TaaWuz3OIM
699,nabazije@washington.edu,MhWWE2GMiTY
700,atinsonjf@cam.ac.uk,lCcb3Tf
701,cbatalinijg@eventbrite.com,QTpUVwLwOuRI
702,fmullenderjh@hubpages.com,3ZqmF9oc
703,achoulertonji@yahoo.com,a0oi5i
704,bvasenkovjj@sogou.com,Mydzql
705,njedrychowskijk@prweb.com,lBCtY7iL
706,llindenmanjl@webeden.co.uk,kDN9k34h
707,jcharrierjm@domainmarket.com,dLinxljiG
708,gjagielskijn@csmonitor.com,qUndPpF
709,mtidburyjo@g.co,VmmA2IcPtRTv
710,khankinjp@boston.com,iJ7IcH
711,jchiechiojq@paginegialle.it,ZMQm7hpE6ei
712,eduddanjr@unesco.org,FDjQY46jOK
713,slantiffjs@microsoft.com,RKqC5g6XQiXD
714,dgioanjt@tinypic.com,rymzBm6uk
715,mchallengerju@loc.gov,DR9hhve
716,cgreberjv@indiegogo.com,rr93FdP4k
717,iredselljw@ycombinator.com,PBL7vM
718,eolivijx@mozilla.com,hn8KXSA
719,swhitlowjy@redcross.org,acdgRKX2EA6M
720,btansleyjz@scribd.com,tnDiBidDeK
721,eshippamk0@yellowpages.com,c75GhG4
722,ncoatsk1@yahoo.co.jp,HPwEbN9kQh
723,croberdsk2@businessinsider.com,SNnROqvW8Pps
724,slayusk3@yale.edu,Efz2s6yS3MnC
725,cbrumblek4@mediafire.com,37y3Nbv
726,woshieldsk5@wisc.edu,Ae5XgJmHV1rE
727,emacknishk6@artisteer.com,5OACYc4kM
728,gmavingk7@e-recht24.de,h0P0OEkh
729,fpentonyk8@skyrock.com,X22TGsha
730,amelwallk9@gravatar.com,hyxuZRoz
731,hsylvesterka@amazonaws.com,Se8yOCds6U
732,shabbinkb@howstuffworks.com,M5GOmd76ET
733,njennenskc@google.nl,x2SzVi
734,agoatmankd@freewebs.com,gYxkIQq8
735,sbissattke@livejournal.com,FgPZWW
736,cohickeykf@fda.gov,cgFkfQpET
737,bgoboloskg@feedburner.com,2hk1fL
738,btooleykh@xrea.com,iKnqtFGGnTy
739,jdanbyeki@stumbleupon.com,eNkbKzm5YV
740,mgarmkj@businessinsider.com,go0twbvzC5H
741,bcolvinkk@ameblo.jp,YMhcj8qDhAi
742,imorstonkl@google.ru,VqYlnV
743,lsaingkm@pbs.org,xQvpUWqcjx
744,cphilipssonkn@timesonline.co.uk,UDNXI7Qwd
745,lcartanko@meetup.com,yExqc1B
746,hcolbornkp@foxnews.com,3ACy0G
747,lcarlinokq@hud.gov,nnyBPtH
748,rillingsworthkr@g.co,Lkn1U9sO4
749,gcrannks@wordpress.com,0O0FZYNgDe
750,dricoaldkt@wordpress.com,Pcl8QWZIh8tq
751,evanderbrugku@free.fr,k4DvFW
752,vlomazkv@nps.gov,o954bco
753,lnernekw@npr.org,FtSjsh
754,cbanbrookkx@bloglines.com,fZONvrV9Z
755,pgrelkaky@yellowbook.com,tdlipw
756,nlorenzinkz@marketwatch.com,A9vGOTj1td
757,wemmisonl0@discuz.net,DorpKV
758,yharryl1@msn.com,BntsbAUs
759,jpetrovykhl2@accuweather.com,KOmYiDZIVA
760,dblightl3@guardian.co.uk,Fd3NPZFz
761,thealesl4@wordpress.com,cH1UYd0F9m
762,cmccrainorl5@berkeley.edu,pNzYqD
763,mdyersl6@salon.com,0mryxl
764,ubriknerl7@wisc.edu,J4px0lzM
765,bhalstonl8@phoca.cz,Wvvuk7Mgc
766,jkinanel9@wsj.com,7N6wTcK90T
767,epetola@xrea.com,etQnMlGo7
768,bstollenwercklb@cafepress.com,TFf1pit5wJ
769,smcdadelc@ucla.edu,nN9PxT6d
770,srogersld@nifty.com,usJqeIQ
771,abartoccile@printfriendly.com,fF6RRz
772,wgrinterlf@purevolume.com,6GBK0PG
773,hcescotilg@google.com.au,pIQZztq
774,etourslh@blogtalkradio.com,VEj3Zghjt
775,mrennieli@nhs.uk,ShOzssjY
776,tingarfieldlj@ca.gov,CpivJ2Rw
777,asymslk@virginia.edu,XrGkb3RXK
778,ygawll@biblegateway.com,BJuZwVv
779,hscotfurthlm@google.nl,Sh814Fd
780,mrubelln@ucsd.edu,bkkjTTWNnv
781,jbutenlo@topsy.com,6uucc5G
782,kwhinraylp@spotify.com,tyF89fzo
783,astrowgerlq@harvard.edu,wUQ2cbLNNbZ
784,gelmhirstlr@bbb.org,H9n9O8
785,amciloryls@nsw.gov.au,OomL1scSvGRY
786,wkennificklt@ted.com,l7NhjDgQl2E
787,mgamonlu@gov.uk,L8ZD0v
788,acasonlv@cyberchimps.com,tCZTk3xL13I
789,bdimondlw@ycombinator.com,rL3hTu
790,mannwyllx@networkadvertising.org,hJ7fLNuocb
791,sspaightly@nytimes.com,LoHESSJ
792,mrawnelz@marriott.com,kiTSNiui
793,sperssem0@artisteer.com,2EvAiMh7Cwpk
794,wohartnedym1@printfriendly.com,dTqDFeifdvT0
795,jsalanm2@csmonitor.com,oyL01c4yJOfz
796,bfluckm3@netscape.com,TwwLB5cV
797,gpearmainm4@state.gov,Szx05QKiql
798,rnaullsm5@baidu.com,0ZE2l53sV40
799,edudeneym6@weibo.com,648qGAwv2WE
800,kpullm7@google.it,jZg4wCnV7
801,tscoterboshm8@ucoz.com,FiVtvosAerN
802,astandishbrooksm9@example.com,lFaGWj
803,pmcasparanma@globo.com,Hr9aEMMCrL
804,dheffernanmb@themeforest.net,AZhIPG
805,cclampettmc@blogger.com,Qss4pw13u
806,qburnagemd@wix.com,AdbU2OB
807,rcozensme@twitpic.com,K1OyIsU6
808,rworstermf@uiuc.edu,ZlQp01JANf
809,bgarnettmg@nytimes.com,hA32N6fAzfkq
810,aellingsworthmh@boston.com,kJz5HVQP
811,rnorreemi@buzzfeed.com,0WoJ09Ftw
812,ccharlewoodmj@marriott.com,ivZJUT4if9
813,gjirusmk@webmd.com,gLeuwZpA
814,astuckeml@sohu.com,2QtFvzmmOrvb
815,aachromovmm@360.cn,xqqoKb
816,awhitlammn@godaddy.com,bn4kVT
817,fdurbannmo@dion.ne.jp,jnCS5g
818,chendonsonmp@washington.edu,kfwL4oga0E9E
819,jhowlemq@google.cn,AOq0uzkkO8
820,pbarlasmr@sphinn.com,v5fnsQM2
821,dtummasuttims@github.io,C9boj0u
822,csmalemt@instagram.com,DtwMaEdD
823,acoleyshawmu@smugmug.com,JbmIfllLgf
824,lhandforthmv@wikia.com,2gs0l8gNOXD
825,rjullmw@imageshack.us,Ax6khFvLo3
826,omarkosmx@last.fm,joHJEeEjY
827,gseymarkmy@npr.org,8ZZecIV
828,ttremellingmz@hostgator.com,arGjYFjX7P
829,cgulkn0@biblegateway.com,QyJmCbw62Za6
830,kbudnikn1@vinaora.com,022TH0YN3
831,tdowsingn2@admin.ch,v5FJaliK
832,bguthersonn3@un.org,DzqYENoFG
833,scorbittn4@51.la,faYrGawpkjJ
834,mbrookn5@toplist.cz,aMbxVsdB7F
835,breynaultn6@businessinsider.com,tzQwBfyflqgH
836,mblaxalln7@go.com,GaZBA1kYCG
837,ndavetn8@taobao.com,aNLPrSHAwpm
838,rbagshawen9@japanpost.jp,HTa9Re
839,mpetaschna@msn.com,PROpZs6AO
840,gwissonnb@sfgate.com,plVc332PNVl
841,mwhitticksnc@nih.gov,46BEFoF0
842,rhallwellnd@nifty.com,hwQc23
843,pwillockne@npr.org,89QokHJmcfI
844,sfluddernf@prnewswire.com,o3AIjV
845,dfeehanng@upenn.edu,IkdLU6
846,jbuncomnh@e-recht24.de,YdEhUirUXO
847,vprantlni@samsung.com,uUXi2SQW
848,dwhittennj@mit.edu,wL0jgm
849,khumberstonenk@mac.com,yoFKRJY8i25
850,hfurlownl@ifeng.com,fdjBMmZ9bw
851,scooplandnm@rambler.ru,Q1i929nWG
852,santrobusnn@mozilla.com,pIgJPUq2MGko
853,fkilrowno@amazon.co.jp,iZidDc4A9w
854,nmacelhargenp@delicious.com,kgedXs2aPgp
855,cmankornq@bravesites.com,FhCpTL
856,dmaseynr@sciencedaily.com,imAL3Gsu
857,dconybearns@wikimedia.org,za2UfWAxt5g
858,tjellemannt@wired.com,RdxtYK9
859,llongcakenu@simplemachines.org,sz2vusgJFJeE
860,bhercocknv@ezinearticles.com,4SBGwJuOde
861,snewportnw@drupal.org,e6T7ZR59
862,rreillynx@tumblr.com,LsH9dFZS
863,bnaisbittny@netlog.com,sx3KZM67F6UG
864,cphalipnz@pagesperso-orange.fr,stgXHRpZCkG1
865,lcolino0@vk.com,2P466Tu7qr9
866,ndunsireo1@oracle.com,1YmtNb
867,gfazziolio2@ed.gov,KLrBh5s
868,dcrewdsono3@unblog.fr,C6zU94oah
869,bmichello4@ted.com,GgnvqBgrFay
870,gtyeo5@noaa.gov,94bNnBgxgD
871,pgurdeno6@adobe.com,xgxDWF
872,crupperto7@redcross.org,3vV31xf
873,prizzielloo8@mapy.cz,gXE53h
874,lbrammallo9@spiegel.de,XNKZ2sLqGf
875,nluetkemeyeroa@blog.com,4cdh0cZaSlK
876,mbernardtob@phoca.cz,ckYPBkxvZj11
877,pebbottsoc@thetimes.co.uk,ifcV3Em
878,emerrywetherod@arstechnica.com,V48lxd3DL
879,mgangeoe@gravatar.com,P7lLzAk7
880,dfrancof@stanford.edu,GNJE0j
881,ztremouilleog@technorati.com,EHzJHVx4q2u
882,dborkettoh@go.com,F4SbRua
883,schrispinoi@addtoany.com,9wVN86kj
884,bbuttenoj@techcrunch.com,SwJnBzy8
885,acockshottok@skype.com,5GKRlE
886,lmacalasterol@pagesperso-orange.fr,y4JtbgHv10
887,rpriddieom@1und1.de,9J1BbWQ7
888,mbythellon@cnet.com,SgJUWXDqtv
889,rbavesteroo@so-net.ne.jp,JaDp78ppbpdX
890,khockellop@google.cn,fK7BQBibxDDV
891,mmixteroq@studiopress.com,1MmWDEe
892,hpfertneror@opensource.org,mhpnEayqWHa
893,fodooganos@whitehouse.gov,quGCxkAXVD
894,wmcguggyot@etsy.com,qJAKpMjBU
895,mchansonnauou@jugem.jp,ZeVrWai
896,kmaltbyov@free.fr,Z3BN2StjXVOS
897,ccholwellow@ftc.gov,ghZRos
898,achalcraftox@webmd.com,4W2RkA7FpyU5
899,ptuplinoy@ocn.ne.jp,RosmDvfT9
900,akinmondoz@intel.com,fd6Bdj3gq
901,gjouanetp0@google.ca,2r2dO7rAcGgK
902,edillandp1@unc.edu,nYXwSNiY1
903,jwalcarp2@hc360.com,OCDwiA5
904,llishmanp3@merriam-webster.com,cTu2FHpR6
905,wpownerp4@sbwire.com,2STMXFwpq
906,lroadp5@princeton.edu,DfznQErBN
907,adaalp6@123-reg.co.uk,Kxnass
908,hbookp7@icio.us,nd2za7Hl
909,gpostillp8@fda.gov,jIwwYqN
910,djikovskyp9@comcast.net,APeqe3w
911,cguittonpa@blogs.com,M4oSrh
912,dcowlespb@geocities.com,SH7TfFbCKnud
913,alyenyngpc@yandex.ru,jcsIqsQz
914,itrokerpd@ucoz.com,K18fXTovmHS
915,dmcteerpe@cam.ac.uk,hC4OjMr
916,broakespf@usgs.gov,iVGZeswzK8B
917,tfyrthpg@hugedomains.com,FpN2FCpb
918,cbeloeph@domainmarket.com,1mu51fZDfc
919,fdebenedictispi@china.com.cn,SiiVq2
920,draysonpj@fc2.com,Y1jzUz
921,pburnetpk@yellowpages.com,YCx6WkDuCb
922,smckeranpl@wordpress.com,2J4wxrfS
923,bocriganepm@ucoz.com,KnYgkZypehEW
924,aleregopn@toplist.cz,qvY6a8z
925,bvanstonepo@home.pl,iQb90HPDWPU6
926,cdorwardpp@deliciousdays.com,dfVMRFD9gcwF
927,wgarbuttpq@nydailynews.com,785FOkTy3t
928,adendonpr@angelfire.com,pRqxyC
929,cdimitrievps@ifeng.com,LYDaUqLZlD
930,mvasselpt@ftc.gov,D0rgpIFhgPP5
931,sismaypu@tiny.cc,YgZPRnJa
932,dbandierapv@chron.com,yt0z0GAfr34
933,ftirreypw@cloudflare.com,LgQvydHCClwr
934,rhallockpx@gravatar.com,JRtXoMRmO59
935,jmcclenaghanpy@123-reg.co.uk,UAxTgahKB
936,wjestepz@boston.com,Fdk0qP
937,whaswallq0@google.co.jp,m9jYgC
938,cgaitleyq1@howstuffworks.com,PZAdM9U8Wfzv
939,gcerroq2@cafepress.com,9k8vfURI
940,ttompkinsonq3@mysql.com,2LnEYjGwL
941,odominiciq4@rambler.ru,oxYHydz
942,bkyddq5@dot.gov,dAGEzVxfEvl
943,dwilesq6@fastcompany.com,toUYxwNeZz
944,grihanekq7@php.net,MJqKdy8
945,tbeavanq8@mapquest.com,1kiVwsnS0
946,sthoulessq9@ebay.co.uk,VwSRqt9K
947,amullochqa@zimbio.com,D4eYj2e
948,kduesterqb@opensource.org,Sm3lko
949,jfinnanqc@about.me,PANhybQ1Z
950,dswaloughqd@mapquest.com,cFs4N7ASy
951,gphilpotsqe@vinaora.com,fB6MueqZTuUx
952,abrasonqf@multiply.com,NYWfMpGeNOIx
953,mhalbeardqg@ted.com,zg7zqF
954,rwalkowskiqh@pcworld.com,qWwDT0on
955,rsandlinqi@java.com,ScQC90YYBGBU
956,evandalenqj@auda.org.au,Qlcq0dwUWVg
957,cscrubyqk@usatoday.com,Dmc9lgmrtm
958,crheaumeql@ebay.com,2eZnIk3F
959,gwaythingqm@bizjournals.com,68YQMcZcn
960,ashorlandqn@businesswire.com,U4Zkn5
961,sgehrtzqo@qq.com,WPTF4l1Uwp
962,hpapaqp@icio.us,Gvg9RP
963,gschererqq@jiathis.com,Op4nXD
964,akohrsqr@ycombinator.com,k2gBRC637XF
965,jbalsdoneqs@shop-pro.jp,RNP0mxAZW4
966,akernockeqt@unicef.org,AZWoiIXc
967,glowequ@cbsnews.com,cYOT09y6t
968,ckitsqv@icio.us,LGJ19RQC
969,lhacheqw@ca.gov,Z5hrwRlt
970,sgoodfellowqx@cam.ac.uk,ShHaV04Lq
971,vmaddiganqy@shop-pro.jp,MJlOE7
972,ggossageqz@newsvine.com,fEGWqk9A
973,tiacovor0@networksolutions.com,Fh6v02Kn
974,cbarshamr1@cbslocal.com,zQt2szef4C
975,kcrockfordr2@rediff.com,dTv4yIyly
976,awordsworthr3@newyorker.com,XguMNyLY
977,aluttgerr4@sitemeter.com,8Rm7jD
978,bmoyr5@baidu.com,wU39c6n
979,rlodewickr6@npr.org,mj23xOaQ7
980,mdombr7@spiegel.de,qoBuvRENR3
981,wpesr8@meetup.com,06eOIkVR2i
982,ctumberr9@oracle.com,uscoM7
983,bwixonra@bluehost.com,iYOpYx
984,vliddyardrb@free.fr,064YQA5lWY
985,ktozerrc@youtube.com,OI101IW2mdBU
986,pmartensenrd@europa.eu,9E01sSEZEee
987,amuzzlewhitere@creativecommons.org,PK5YJIAaDNZO
988,pskippenrf@cdbaby.com,Mil7yOFfnDr
989,ytesseymanrg@cbc.ca,siJ802CwFsyX
990,vhuckaberh@washingtonpost.com,iulXGe3TY
991,bhadgraftri@cbslocal.com,pARG2nY
992,dmottenrj@time.com,zHwwApSE9C
993,gjaumerk@buzzfeed.com,xXdYmHxhZTo
994,oplimmerrl@mail.ru,KPnLVv7VEGb
995,lfearnerm@booking.com,7TB4Uv3yvp
996,dhudelrn@yellowbook.com,gCjTmDVc4F
997,tfishleero@china.com.cn,sZdcjfER7p
998,mfawdrierp@blogspot.com,5lXrjPha5
999,hbissellrq@usnews.com,kSOeuv
1000,atapsonrr@chicagotribune.com,6pVJI88Ju
